{
  "timestamp": "20251023_122955",
  "collection": "ukraine_criminal_code_zai_full",
  "total_queries": 150,
  "search_times": {
    "baseline": 100.90101099014282,
    "hybrid": 99.33427214622498,
    "dbsf_colbert": 103.4690682888031
  },
  "comparisons": {
    "baseline_vs_hybrid": {
      "baseline": {
        "recall@1": 0.9133333333333333,
        "recall@3": 0.9866666666666667,
        "recall@5": 0.9933333333333333,
        "recall@10": 1.0,
        "mrr": 0.949074074074074,
        "ndcg@10": 0.9618609638820601,
        "precision@1": 0.9133333333333333,
        "precision@3": 0.32888888888888884,
        "precision@5": 0.19866666666666663,
        "precision@10": 0.09999999999999998,
        "failure_rate": 0.0
      },
      "hybrid": {
        "recall@1": 0.8866666666666667,
        "recall@3": 0.9866666666666667,
        "recall@5": 1.0,
        "recall@10": 1.0,
        "mrr": 0.9374444444444445,
        "ndcg@10": 0.9534641077449125,
        "precision@1": 0.8866666666666667,
        "precision@3": 0.3288888888888888,
        "precision@5": 0.19999999999999996,
        "precision@10": 0.09999999999999998,
        "failure_rate": 0.0
      },
      "improvements": {
        "recall@1": {
          "baseline": 0.9133333333333333,
          "hybrid": 0.8866666666666667,
          "absolute_diff": -0.026666666666666616,
          "relative_improvement_pct": -2.9197080291970745
        },
        "recall@3": {
          "baseline": 0.9866666666666667,
          "hybrid": 0.9866666666666667,
          "absolute_diff": 0.0,
          "relative_improvement_pct": 0.0
        },
        "recall@5": {
          "baseline": 0.9933333333333333,
          "hybrid": 1.0,
          "absolute_diff": 0.00666666666666671,
          "relative_improvement_pct": 0.6711409395973198
        },
        "recall@10": {
          "baseline": 1.0,
          "hybrid": 1.0,
          "absolute_diff": 0.0,
          "relative_improvement_pct": 0.0
        },
        "mrr": {
          "baseline": 0.949074074074074,
          "hybrid": 0.9374444444444445,
          "absolute_diff": -0.011629629629629434,
          "relative_improvement_pct": -1.2253658536585161
        },
        "ndcg@10": {
          "baseline": 0.9618609638820601,
          "hybrid": 0.9534641077449125,
          "absolute_diff": -0.00839685613714758,
          "relative_improvement_pct": -0.8729802385635822
        },
        "precision@1": {
          "baseline": 0.9133333333333333,
          "hybrid": 0.8866666666666667,
          "absolute_diff": -0.026666666666666616,
          "relative_improvement_pct": -2.9197080291970745
        },
        "precision@3": {
          "baseline": 0.32888888888888884,
          "hybrid": 0.3288888888888888,
          "absolute_diff": -5.551115123125783e-17,
          "relative_improvement_pct": -1.6878390577071637e-14
        },
        "precision@5": {
          "baseline": 0.19866666666666663,
          "hybrid": 0.19999999999999996,
          "absolute_diff": 0.0013333333333333253,
          "relative_improvement_pct": 0.6711409395973115
        },
        "precision@10": {
          "baseline": 0.09999999999999998,
          "hybrid": 0.09999999999999998,
          "absolute_diff": 0.0,
          "relative_improvement_pct": 0.0
        },
        "failure_rate": {
          "baseline": 0.0,
          "hybrid": 0.0,
          "absolute_diff": 0.0,
          "relative_improvement_pct": 0
        }
      },
      "statistical_significance": {
        "recall@10": {
          "t_statistic": NaN,
          "p_value": NaN,
          "significant_at_0.05": false,
          "significant_at_0.01": false
        }
      }
    },
    "baseline_vs_dbsf_colbert": {
      "baseline": {
        "recall@1": 0.9133333333333333,
        "recall@3": 0.9866666666666667,
        "recall@5": 0.9933333333333333,
        "recall@10": 1.0,
        "mrr": 0.949074074074074,
        "ndcg@10": 0.9618609638820601,
        "precision@1": 0.9133333333333333,
        "precision@3": 0.32888888888888884,
        "precision@5": 0.19866666666666663,
        "precision@10": 0.09999999999999998,
        "failure_rate": 0.0
      },
      "hybrid": {
        "recall@1": 0.94,
        "recall@3": 0.9866666666666667,
        "recall@5": 0.9933333333333333,
        "recall@10": 0.9933333333333333,
        "mrr": 0.9635555555555555,
        "ndcg@10": 0.9711495421910884,
        "precision@1": 0.94,
        "precision@3": 0.3288888888888888,
        "precision@5": 0.19866666666666663,
        "precision@10": 0.09933333333333332,
        "failure_rate": 0.00666666666666671
      },
      "improvements": {
        "recall@1": {
          "baseline": 0.9133333333333333,
          "hybrid": 0.94,
          "absolute_diff": 0.026666666666666616,
          "relative_improvement_pct": 2.9197080291970745
        },
        "recall@3": {
          "baseline": 0.9866666666666667,
          "hybrid": 0.9866666666666667,
          "absolute_diff": 0.0,
          "relative_improvement_pct": 0.0
        },
        "recall@5": {
          "baseline": 0.9933333333333333,
          "hybrid": 0.9933333333333333,
          "absolute_diff": 0.0,
          "relative_improvement_pct": 0.0
        },
        "recall@10": {
          "baseline": 1.0,
          "hybrid": 0.9933333333333333,
          "absolute_diff": -0.00666666666666671,
          "relative_improvement_pct": -0.666666666666671
        },
        "mrr": {
          "baseline": 0.949074074074074,
          "hybrid": 0.9635555555555555,
          "absolute_diff": 0.01448148148148154,
          "relative_improvement_pct": 1.5258536585365916
        },
        "ndcg@10": {
          "baseline": 0.9618609638820601,
          "hybrid": 0.9711495421910884,
          "absolute_diff": 0.009288578309028295,
          "relative_improvement_pct": 0.9656882499461977
        },
        "precision@1": {
          "baseline": 0.9133333333333333,
          "hybrid": 0.94,
          "absolute_diff": 0.026666666666666616,
          "relative_improvement_pct": 2.9197080291970745
        },
        "precision@3": {
          "baseline": 0.32888888888888884,
          "hybrid": 0.3288888888888888,
          "absolute_diff": -5.551115123125783e-17,
          "relative_improvement_pct": -1.6878390577071637e-14
        },
        "precision@5": {
          "baseline": 0.19866666666666663,
          "hybrid": 0.19866666666666663,
          "absolute_diff": 0.0,
          "relative_improvement_pct": 0.0
        },
        "precision@10": {
          "baseline": 0.09999999999999998,
          "hybrid": 0.09933333333333332,
          "absolute_diff": -0.0006666666666666626,
          "relative_improvement_pct": -0.6666666666666629
        },
        "failure_rate": {
          "baseline": 0.0,
          "hybrid": 0.00666666666666671,
          "absolute_diff": 0.00666666666666671,
          "relative_improvement_pct": 0
        }
      },
      "statistical_significance": {
        "recall@10": {
          "t_statistic": -1.0000000000000002,
          "p_value": 0.31893174464143714,
          "significant_at_0.05": false,
          "significant_at_0.01": false
        }
      }
    },
    "hybrid_vs_dbsf_colbert": {
      "baseline": {
        "recall@1": 0.8866666666666667,
        "recall@3": 0.9866666666666667,
        "recall@5": 1.0,
        "recall@10": 1.0,
        "mrr": 0.9374444444444445,
        "ndcg@10": 0.9534641077449125,
        "precision@1": 0.8866666666666667,
        "precision@3": 0.3288888888888888,
        "precision@5": 0.19999999999999996,
        "precision@10": 0.09999999999999998,
        "failure_rate": 0.0
      },
      "hybrid": {
        "recall@1": 0.94,
        "recall@3": 0.9866666666666667,
        "recall@5": 0.9933333333333333,
        "recall@10": 0.9933333333333333,
        "mrr": 0.9635555555555555,
        "ndcg@10": 0.9711495421910884,
        "precision@1": 0.94,
        "precision@3": 0.3288888888888888,