{
  "timestamp": "20251022_153617",
  "collection": "ukraine_criminal_code_zai_full",
  "total_queries": 150,
  "baseline_time": 133.20893383026123,
  "hybrid_time": 119.6649374961853,
  "comparison": {
    "baseline": {
      "recall@1": 0.9133333333333333,
      "recall@3": 0.9866666666666667,
      "recall@5": 0.9933333333333333,
      "recall@10": 1.0,
      "mrr": 0.949074074074074,
      "ndcg@10": 0.9618609638820601,
      "precision@1": 0.9133333333333333,
      "precision@3": 0.32888888888888884,
      "precision@5": 0.19866666666666663,
      "precision@10": 0.09999999999999998,
      "failure_rate": 0.0
    },
    "hybrid": {
      "recall@1": 0.0,
      "recall@3": 0.0,
      "recall@5": 0.0,
      "recall@10": 0.0,
      "mrr": 0.0,
      "ndcg@10": 0.0,
      "precision@1": 0.0,
      "precision@3": 0.0,
      "precision@5": 0.0,
      "precision@10": 0.0,
      "failure_rate": 1.0
    },
    "improvements": {
      "recall@1": {
        "baseline": 0.9133333333333333,
        "hybrid": 0.0,
        "absolute_diff": -0.9133333333333333,
        "relative_improvement_pct": -100.0
      },
      "recall@3": {
        "baseline": 0.9866666666666667,
        "hybrid": 0.0,
        "absolute_diff": -0.9866666666666667,
        "relative_improvement_pct": -100.0
      },
      "recall@5": {
        "baseline": 0.9933333333333333,
        "hybrid": 0.0,
        "absolute_diff": -0.9933333333333333,
        "relative_improvement_pct": -100.0
      },
      "recall@10": {
        "baseline": 1.0,
        "hybrid": 0.0,
        "absolute_diff": -1.0,
        "relative_improvement_pct": -100.0
      },
      "mrr": {
        "baseline": 0.949074074074074,
        "hybrid": 0.0,
        "absolute_diff": -0.949074074074074,
        "relative_improvement_pct": -100.0
      },
      "ndcg@10": {
        "baseline": 0.9618609638820601,
        "hybrid": 0.0,
        "absolute_diff": -0.9618609638820601,
        "relative_improvement_pct": -100.0
      },
      "precision@1": {
        "baseline": 0.9133333333333333,
        "hybrid": 0.0,
        "absolute_diff": -0.9133333333333333,
        "relative_improvement_pct": -100.0
      },
      "precision@3": {
        "baseline": 0.32888888888888884,
        "hybrid": 0.0,
        "absolute_diff": -0.32888888888888884,
        "relative_improvement_pct": -100.0
      },
      "precision@5": {
        "baseline": 0.19866666666666663,
        "hybrid": 0.0,
        "absolute_diff": -0.19866666666666663,
        "relative_improvement_pct": -100.0
      },
      "precision@10": {
        "baseline": 0.09999999999999998,
        "hybrid": 0.0,
        "absolute_diff": -0.09999999999999998,
        "relative_improvement_pct": -100.0
      },
      "failure_rate": {
        "baseline": 0.0,
        "hybrid": 1.0,
        "absolute_diff": 1.0,
        "relative_improvement_pct": 0
      }
    },
    "statistical_significance": {
      "recall@10": {
        "t_statistic": -Infinity,
        "p_value": 0.0,
        "significant_at_0.05": true,
        "significant_at_0.01": true
      }
    }
  }
}
